iter	Logloss
0	0.00232113824
1	0.0009331429562
2	0.007756119635
3	0.002037225714
4	0.01058614885
5	0.003402692758
6	0.00136950027
